<?xml version="1.0"?>
<doc>
    <assembly>
        <name>HYDRANT</name>
    </assembly>
    <members>
        <member name="T:HYDRANT.API">
            <summary>
            Access the FirehoseServer
            </summary>
        </member>
        <member name="M:HYDRANT.API.#ctor(System.String)">
            <summary>
            Creates a new object for accessing the API
            </summary>
            <param name="endpoint">Base endpoint, leave blank to use hallon.rarisma.net</param>
        </member>
        <member name="F:HYDRANT.API.Endpoint">
            <summary>
            API Endpoint to access server.
            </summary>
        </member>
        <member name="M:HYDRANT.API.GetArticles(System.Int32,System.Int32,System.String,System.String,System.Boolean,System.Int32)">
            <summary>
            Gets Articles from API
            </summary>
            <param name="limit">How many articles you want to set</param>
            <param name="Offset">Skip this amount of articles</param>
            <param name="token">Used to access certain content</param>
            <param name="FilterName">Name of the filter</param>
            <param name="Minimal">Minimal Mode (less data is returned)</param>
            <param name="PublisherID">Only return filters from these publisher IDs</param>
            <returns>List of articles if successful.</returns>
        </member>
        <member name="M:HYDRANT.API.GetPublications">
            <summary>
            Loads information about publishers from API
            </summary>
        </member>
        <member name="M:HYDRANT.API.VoteClickbait(HYDRANT.Definitions.Article)">
            <summary>
            Report that an article is clickbait
            </summary>
            <param name="Article">Article to report</param>
            <returns></returns>
        </member>
        <member name="M:HYDRANT.API.ReportArticle(HYDRANT.Definitions.Article)">
            <summary>
            Reports an article summary as incorrect.
            </summary>
            <param name="Article">Article to report</param>
        </member>
        <member name="M:HYDRANT.API.GetArticleText(System.String)">
            <summary>
            Gets article text
            </summary>
            <param name="URL">Article to report</param>
        </member>
        <member name="M:HYDRANT.API.GetFilters(System.String)">
            <summary>
            Gets all filters available for a user
            </summary>
            <param name="token"></param>
            <returns></returns>
        </member>
        <member name="M:HYDRANT.API.Search(System.String)">
            <summary>
            Searches an article for a SearchString
            </summary>
            <param name="SearchString">Text to search for</param>
            <returns>List of articles.</returns>
        </member>
        <member name="M:HYDRANT.API.AddView(System.String)">
            <summary>
            Bumps the URL by one.
            </summary>
            <param name="URL">Text to search for</param>
            <returns>List of articles.</returns>
        </member>
        <member name="P:HYDRANT.Definitions.Account.Email">
            <summary>
            Account name
            </summary>
        </member>
        <member name="P:HYDRANT.Definitions.Account.Token">
            <summary>
            Account token
            </summary>
        </member>
        <member name="P:HYDRANT.Definitions.Account.UserID">
            <summary>
            Internal account ID
            </summary>
        </member>
        <member name="F:HYDRANT.Definitions.Account.FHNPlus">
            <summary>
            Should the user see FHN+ features
            (Won't be accessible if the user doesn't have a FHN+ account)
            </summary>
        </member>
        <member name="F:HYDRANT.Definitions.Account.TestGroup">
            <summary>
            Are they a part of the test group?
            (Won't be accessible if the user isn't in the test group)
            </summary>
        </member>
        <member name="T:HYDRANT.Definitions.Article">
            <summary>
            Article object, contains lots of information about articles.
            </summary>
        </member>
        <member name="P:HYDRANT.Definitions.Article.Url">
            <summary>
            URL of article
            </summary>
        </member>
        <member name="P:HYDRANT.Definitions.Article.Title">
            <summary>
            Title of article
            </summary>
        </member>
        <member name="P:HYDRANT.Definitions.Article.PublishDate">
            <summary>
            DateTime object of the article was made public
            </summary>
        </member>
        <member name="P:HYDRANT.Definitions.Article.IsPaywall">
            <summary>
            is the article behind a paywall?
            </summary>
        </member>
        <member name="P:HYDRANT.Definitions.Article.Summary">
            <summary>
            AI-Generated summary of the article
            </summary>
        </member>
        <member name="P:HYDRANT.Definitions.Article.ImageURL">
            <summary>
            Image associated with URL
            </summary>
        </member>
        <member name="P:HYDRANT.Definitions.Article.Text">
            <summary>
            Content of the article.
            </summary>
        </member>
        <member name="P:HYDRANT.Definitions.Article.PublisherID">
            <summary>
            Firehose Publication ID
            </summary>
        </member>
        <member name="P:HYDRANT.Definitions.Article.Business">
            <summary>
            Does the article relate to business?
            </summary>
        </member>
        <member name="P:HYDRANT.Definitions.Article.Breaking">
            <summary>
            Is this a major story, i.e. something major is going on
            or is the article not a major event
            </summary>
        </member>
        <member name="P:HYDRANT.Definitions.Article.CompaniesMentioned">
            <summary>
            Company names/tickers mentioned within the article.
            </summary>
        </member>
        <member name="P:HYDRANT.Definitions.Article.ExecsMentioned">
            <summary>
            Company names/tickers mentioned within the article.
            </summary>
        </member>
        <member name="P:HYDRANT.Definitions.Article.Author">
            <summary>
            Author of the article.
            Will be unknown author if we can't find the author.
            If an article has multiple Authors, they will be separated by commas.
            </summary>
        </member>
        <member name="P:HYDRANT.Definitions.Article.IsClickbaitHeadline">
            <summary>
            Is the headline clickbait?
            </summary>
        </member>
        <member name="P:HYDRANT.Definitions.Article.OriginalHeadline">
            <summary>
            the original headline if the article has been marked as clickbait.
            </summary>
        </member>
        <member name="P:HYDRANT.Definitions.Article.Sectors">
            <summary>
            Market Sectors the article is mentioned in
            </summary>
        </member>
        <member name="P:HYDRANT.Definitions.Article.Impact">
            <summary>
            Overall impact of the article on the Country/Economy/World
            </summary>
        </member>
        <member name="P:HYDRANT.Definitions.Article.PublicationName">
            <summary>
            Only used in User Submitted Queries if we don't have the
            Article already summarised.
            </summary>
        </member>
        <member name="P:HYDRANT.Definitions.Article.TimeToRead">
            <summary>
            Only used in User Submitted Queries if we don't have the
            Article already summarised.
            </summary>
        </member>
        <member name="P:HYDRANT.Definitions.Article.Type">
            <summary>
            Types of articles.
            </summary>
        </member>
        <member name="T:HYDRANT.Definitions.Article.ArticleType">
            <summary>
            Used for different kinds of articles
            </summary>
        </member>
        <member name="F:HYDRANT.Definitions.Article.ArticleType.Article">
            <summary>
            Article is a web article
            </summary>
        </member>
        <member name="F:HYDRANT.Definitions.Article.ArticleType.Video">
            <summary>
            Article is a video
            </summary>
        </member>
        <member name="F:HYDRANT.Definitions.Article.ArticleType.File">
            <summary>
            Article is a PDF/DOCX/DOC file
            </summary>
        </member>
        <member name="F:HYDRANT.Definitions.Article.ArticleType.Unknown">
            <summary>
            Type is unknown
            </summary>
        </member>
        <member name="T:HYDRANT.Definitions.Company">
            <summary>
            Company information
            </summary>
        </member>
        <member name="F:HYDRANT.Definitions.Company.Name">
            <summary>
            Name of company
            i.e. Microsoft
            </summary>
        </member>
        <member name="F:HYDRANT.Definitions.Company.Ticker">
            <summary>
            Ticker name
            i.e. MSFT
            </summary>
        </member>
        <member name="F:HYDRANT.Definitions.Company.Excectives">
            <summary>
            List of Executives
            </summary>
        </member>
        <member name="F:HYDRANT.Definitions.Company.Source">
            <summary>
            Source of the ticker, FTSE, NASDAQ etc.
            </summary>
        </member>
        <member name="M:HYDRANT.Definitions.Company.FindCompaniesInText(System.String,System.Collections.Generic.List{HYDRANT.Definitions.Company})">
            <summary>
            locates companies within text
            </summary>
            <returns></returns>
        </member>
        <member name="P:HYDRANT.Definitions.Filter.Name">
            <summary>
            Name of the filter
            </summary>
        </member>
        <member name="P:HYDRANT.Definitions.Filter.SQL">
            <summary>
            SQL that will be executed for filter
            </summary>
        </member>
        <member name="P:HYDRANT.Definitions.Filter.Experimental">
            <summary>
            Only returned to TestGroup users
            </summary>
        </member>
        <member name="F:HYDRANT.Definitions.Filter.Hidden">
            <summary>
            Shown to nobody
            </summary>
        </member>
        <member name="T:HYDRANT.Definitions.Publication">
            <summary>
            Stores data about publishers.
            </summary>
        </member>
        <member name="P:HYDRANT.Definitions.Publication.ID">
            <summary>
            Numerical ID of article.
            </summary>
        </member>
        <member name="P:HYDRANT.Definitions.Publication.Name">
            <summary>
            Name of publication
            </summary>
        </member>
        <member name="P:HYDRANT.Definitions.Publication.Weighting">
            <summary>
            unused
            </summary>
        </member>
        <member name="P:HYDRANT.Definitions.Publication.Favicon">
            <summary>
            Favicon representing publication
            </summary>
        </member>
        <member name="P:HYDRANT.Definitions.Publication.Information">
            <summary>
            Information about the publication
            </summary>
        </member>
        <member name="P:HYDRANT.Definitions.Publication.Feeds">
            <summary>
            RSS feed URLs related to the publication
            </summary>
        </member>
        <member name="P:HYDRANT.Definitions.Publication.Paywall">
            <summary>
            Does the publication have a paywall?
            </summary>
        </member>
        <member name="P:HYDRANT.Definitions.Publication.BackgroundOverride">
            <summary>
            Optional background override for the publication
            Some logos are hard to see as many are black or white,
            meaning they are hard to see in either light/dark mode.
            </summary>
        </member>
        <member name="M:HYDRANT.Definitions.Publication.LoadFromJSON(System.String)">
            <summary>
            Loads publications from a feeds.json
            </summary>
            <param name="File">Filepath</param>
            <returns>List of publications</returns>
        </member>
        <member name="T:HYDRANT.Definitions.TickerSource">
            <summary>
            Where did the company come from?
            </summary>
        </member>
        <member name="F:HYDRANT.Definitions.TickerSource.FTSE_100">
            <summary>
            Company originates from FTSE 100
            </summary>
        </member>
        <member name="F:HYDRANT.Definitions.TickerSource.FTSE_250">
            <summary>
            Company originates from FTSE 250
            </summary>
        </member>
        <member name="F:HYDRANT.Definitions.TickerSource.FTSE_350">
            <summary>
            Company originates from FTSE 350
            </summary>
        </member>
        <member name="F:HYDRANT.Definitions.TickerSource.DowJones">
            <summary>
            Company originates from Dow Jones Industrial Average
            </summary>
        </member>
        <member name="F:HYDRANT.Definitions.TickerSource.Nifty50">
            <summary>
            Company originates from Nifty 50
            </summary>
        </member>
        <member name="T:HYDRANT.Serializers.ArticleSerialiser">
            <summary>
            This is required for AOT
            </summary>
        </member>
        <member name="P:HYDRANT.Serializers.ArticleSerialiser.Boolean">
            <summary>
            Defines the source generated JSON serialization contract metadata for a given type.
            </summary>
        </member>
        <member name="P:HYDRANT.Serializers.ArticleSerialiser.Article">
            <summary>
            Defines the source generated JSON serialization contract metadata for a given type.
            </summary>
        </member>
        <member name="P:HYDRANT.Serializers.ArticleSerialiser.ArticleType">
            <summary>
            Defines the source generated JSON serialization contract metadata for a given type.
            </summary>
        </member>
        <member name="P:HYDRANT.Serializers.ArticleSerialiser.ListArticle">
            <summary>
            Defines the source generated JSON serialization contract metadata for a given type.
            </summary>
        </member>
        <member name="P:HYDRANT.Serializers.ArticleSerialiser.DateTime">
            <summary>
            Defines the source generated JSON serialization contract metadata for a given type.
            </summary>
        </member>
        <member name="P:HYDRANT.Serializers.ArticleSerialiser.Int32">
            <summary>
            Defines the source generated JSON serialization contract metadata for a given type.
            </summary>
        </member>
        <member name="P:HYDRANT.Serializers.ArticleSerialiser.NullableInt32">
            <summary>
            Defines the source generated JSON serialization contract metadata for a given type.
            </summary>
        </member>
        <member name="P:HYDRANT.Serializers.ArticleSerialiser.String">
            <summary>
            Defines the source generated JSON serialization contract metadata for a given type.
            </summary>
        </member>
        <member name="P:HYDRANT.Serializers.ArticleSerialiser.Default">
            <summary>
            The default <see cref="T:System.Text.Json.Serialization.JsonSerializerContext"/> associated with a default <see cref="T:System.Text.Json.JsonSerializerOptions"/> instance.
            </summary>
        </member>
        <member name="P:HYDRANT.Serializers.ArticleSerialiser.GeneratedSerializerOptions">
            <summary>
            The source-generated options associated with this context.
            </summary>
        </member>
        <member name="M:HYDRANT.Serializers.ArticleSerialiser.#ctor">
            <inheritdoc/>
        </member>
        <member name="M:HYDRANT.Serializers.ArticleSerialiser.#ctor(System.Text.Json.JsonSerializerOptions)">
            <inheritdoc/>
        </member>
        <member name="M:HYDRANT.Serializers.ArticleSerialiser.GetTypeInfo(System.Type)">
            <inheritdoc/>
        </member>
        <member name="T:HYDRANT.Serializers.FilterSerializer">
            <summary>
            This is required for AOT
            </summary>
        </member>
        <member name="P:HYDRANT.Serializers.FilterSerializer.Boolean">
            <summary>
            Defines the source generated JSON serialization contract metadata for a given type.
            </summary>
        </member>
        <member name="P:HYDRANT.Serializers.FilterSerializer.Filter">
            <summary>
            Defines the source generated JSON serialization contract metadata for a given type.
            </summary>
        </member>
        <member name="P:HYDRANT.Serializers.FilterSerializer.ListFilter">
            <summary>
            Defines the source generated JSON serialization contract metadata for a given type.
            </summary>
        </member>
        <member name="P:HYDRANT.Serializers.FilterSerializer.String">
            <summary>
            Defines the source generated JSON serialization contract metadata for a given type.
            </summary>
        </member>
        <member name="P:HYDRANT.Serializers.FilterSerializer.Default">
            <summary>
            The default <see cref="T:System.Text.Json.Serialization.JsonSerializerContext"/> associated with a default <see cref="T:System.Text.Json.JsonSerializerOptions"/> instance.
            </summary>
        </member>
        <member name="P:HYDRANT.Serializers.FilterSerializer.GeneratedSerializerOptions">
            <summary>
            The source-generated options associated with this context.
            </summary>
        </member>
        <member name="M:HYDRANT.Serializers.FilterSerializer.#ctor">
            <inheritdoc/>
        </member>
        <member name="M:HYDRANT.Serializers.FilterSerializer.#ctor(System.Text.Json.JsonSerializerOptions)">
            <inheritdoc/>
        </member>
        <member name="M:HYDRANT.Serializers.FilterSerializer.GetTypeInfo(System.Type)">
            <inheritdoc/>
        </member>
        <member name="T:HYDRANT.Serializers.PublicationSerialiser">
            <summary>
            This is required for AOT
            </summary>
        </member>
        <member name="P:HYDRANT.Serializers.PublicationSerialiser.Boolean">
            <summary>
            Defines the source generated JSON serialization contract metadata for a given type.
            </summary>
        </member>
        <member name="P:HYDRANT.Serializers.PublicationSerialiser.Byte">
            <summary>
            Defines the source generated JSON serialization contract metadata for a given type.
            </summary>
        </member>
        <member name="P:HYDRANT.Serializers.PublicationSerialiser.Publication">
            <summary>
            Defines the source generated JSON serialization contract metadata for a given type.
            </summary>
        </member>
        <member name="P:HYDRANT.Serializers.PublicationSerialiser.ListPublication">
            <summary>
            Defines the source generated JSON serialization contract metadata for a given type.
            </summary>
        </member>
        <member name="P:HYDRANT.Serializers.PublicationSerialiser.Color">
            <summary>
            Defines the source generated JSON serialization contract metadata for a given type.
            </summary>
        </member>
        <member name="P:HYDRANT.Serializers.PublicationSerialiser.Int32">
            <summary>
            Defines the source generated JSON serialization contract metadata for a given type.
            </summary>
        </member>
        <member name="P:HYDRANT.Serializers.PublicationSerialiser.String">
            <summary>
            Defines the source generated JSON serialization contract metadata for a given type.
            </summary>
        </member>
        <member name="P:HYDRANT.Serializers.PublicationSerialiser.StringArray">
            <summary>
            Defines the source generated JSON serialization contract metadata for a given type.
            </summary>
        </member>
        <member name="P:HYDRANT.Serializers.PublicationSerialiser.Default">
            <summary>
            The default <see cref="T:System.Text.Json.Serialization.JsonSerializerContext"/> associated with a default <see cref="T:System.Text.Json.JsonSerializerOptions"/> instance.
            </summary>
        </member>
        <member name="P:HYDRANT.Serializers.PublicationSerialiser.GeneratedSerializerOptions">
            <summary>
            The source-generated options associated with this context.
            </summary>
        </member>
        <member name="M:HYDRANT.Serializers.PublicationSerialiser.#ctor">
            <inheritdoc/>
        </member>
        <member name="M:HYDRANT.Serializers.PublicationSerialiser.#ctor(System.Text.Json.JsonSerializerOptions)">
            <inheritdoc/>
        </member>
        <member name="M:HYDRANT.Serializers.PublicationSerialiser.GetTypeInfo(System.Type)">
            <inheritdoc/>
        </member>
        <member name="T:HYDRANT.SQL">
            <summary>
            Access API via MySQL
            </summary>
        </member>
        <member name="M:HYDRANT.SQL.#ctor(System.String)">
            <summary>
            MySQL Connection String
            </summary>
            <param name="connectionString">SQL Connection String</param>
        </member>
        <member name="M:HYDRANT.SQL.GetArticleFromURL(System.String)">
            <summary>
            Gets article via it's URL.
            </summary>
            <param name="URL">URL to get Article from</param>
            <returns>Article Object if found, null if not.</returns>
        </member>
        <member name="M:HYDRANT.SQL.GetArticles(System.Int32,System.Int32,System.String,System.Boolean,System.Boolean,System.Int32)">
            <summary>
            Gets articles from database
            </summary>
            <param name="Limit">How many articles to fetch</param>
            <param name="Offset">Skip this amount of articles first</param>
            <param name="Filter">SQL filter</param>
            <param name="Minimal">Only returns required stuff</param>
            <param name="AllowUserSubmittedArticles">Disables user submitted articles
            (overriden if UGC is mentioned)</param>
            <param name="PublisherID">Filter by PublisherID</param>
            <returns>JSON Formatted list of articles.</returns>
        </member>
        <member name="M:HYDRANT.SQL.GetURLs">
            <summary>
            Get urls from database.
            </summary>
            <returns>List of URLs</returns>
        </member>
        <member name="M:HYDRANT.SQL.UploadArticle(HYDRANT.Definitions.Article,System.Boolean)">
            <summary>
            Uploads Article to DB
            </summary>
            <param name="Article">Article to post</param>
            <param name="UserGenerated">Flag article as user submitted</param>
        </member>
        <member name="M:HYDRANT.SQL.UpdateArticle(HYDRANT.Definitions.Article)">
            <summary>
            Updates an existing article in the DB.
            </summary>
            <param name="article">Article to update</param>
        </member>
        <member name="M:HYDRANT.SQL.IncrementClickbaitCounter(System.String)">
            <summary>
            Flags article as clickbait.
            </summary>
            <param name="URL">URL of article that's clickbait.</param>
        </member>
        <member name="M:HYDRANT.SQL.IncrementSummaryReportCounter(System.String)">
            <summary>
            Flags article summary as bad.
            </summary>
            <param name="URL">URL of article that's bad.</param>
        </member>
        <member name="M:HYDRANT.SQL.GetArticleText(System.String)">
            <summary>
            Gets article text for provided URL
            </summary>
            <param name="URL">URL for article text</param>
            <returns>Article Text</returns>
        </member>
        <member name="M:HYDRANT.SQL.DeserializeReader(MySqlConnector.MySqlDataReader)">
            <summary>
            Turns a MySQLDataReader to an Article Object
            </summary>
            <param name="reader">MySQLDataReader</param>
            <returns>Article Object</returns>
        </member>
        <member name="M:HYDRANT.SQL.SearchArticles(System.String)">
            <summary>
            Searches every article in 
            </summary>
            <param name="SearchTerm"></param>
            <returns></returns>
        </member>
        <member name="M:HYDRANT.SQL.AddView(System.String)">
            <summary>
            Adds a view to the article
            </summary>
            <param name="URL"></param>
        </member>
    </members>
</doc>
